[{"name":"Welcome","settings":[{"type":"paragraph","content":"Theme settings allow you to customize the look and feel of your shop without having to delve into HTML or CSS code. Please see our [help page on theme settings](\/\/tm-lingerie-theme001.myshopify.com\/pages\/documentation) to learn more about how to customize your store."},{"type":"paragraph","content":"In case of any issues with the theme feel free to contact our team at [shopify@template-help.com](mailto:shopify@template-help.com)"},{"type":"paragraph","content":"We also offer theme customization services. You can contact our team to discuss estimate."}]},{"name":"General","settings":[{"type":"header","content":"Logo options"},{"type":"checkbox","id":"use_logo","label":"Use custom Logo?"},{"type":"image","id":"logo.png","label":"Custom logo image","max-width":940,"max-height":300,"info":"Maximum dimensions are 940x300px"},{"type":"header","content":"Favicon"},{"type":"image","id":"favicon.ico","label":"Upload a favicon","info":"Must be 16x16px"},{"type":"header","content":"Copyright"},{"type":"checkbox","id":"show_copyright","label":"Display copyright \"Designed by...\"","default":true}]},{"name":"Typography","settings":[{"type":"header","content":"Base font"},{"type":"radio","id":"base_font_type","label":"Base font type","options":[{"value":"font_regular","label":"Regular"},{"value":"font_custom","label":"Custom"}]},{"type":"select","id":"base_font_regular_family","label":"Google Font embed code","options":[{"value":"Arial, Helvetica, sans-serif","label":"Arial, Helvetica, sans-serif"},{"value":"Georgia, serif","label":"Georgia, serif"},{"value":"Times New Roman, Times, serif","label":"Times New Roman, Times, serif"},{"value":"Trebuchet MS, sans-serif","label":"Trebuchet MS, sans-serif"},{"value":"Verdana, Geneva, sans-serif","label":"Verdana, Geneva, sans-serif"},{"value":"Helvetica, Arial, sans-serif","label":"Helvetica\/Arial","group":"Sans-serif"},{"value":"Impact, Charcoal, Helvetica, Arial, sans-serif","label":"Impact","group":"Sans-serif"},{"value":"'Lucida Grande', 'Lucida Sans Unicode', 'Lucida Sans', Lucida, Helvetica, Arial, sans-serif","label":"Lucida Grande","group":"Sans-serif"},{"value":"Verdana, Helvetica, Arial, sans-serif","label":"Verdana","group":"Sans-serif"},{"value":"Garamond, Baskerville, Caslon, serif","label":"Garamond","group":"Serif"},{"value":"Georgia, Utopia, 'Times New Roman', Times, serif","label":"Georgia","group":"Serif"},{"value":"Palatino, 'Palatino Linotype', 'Book Antiqua', serif","label":"Palatino","group":"Serif"},{"value":"'Times New Roman', Times, serif","label":"Times New Roman","group":"Serif"},{"value":"'Courier New', Courier, monospace","label":"Courier New","group":"Monospace"},{"value":"Monaco, 'Lucida Console', 'DejaVu Sans Mono', monospace","label":"Monaco\/Lucida Console","group":"Monospace"}],"default":"Arial, Helvetica, sans-serif"},{"type":"text","id":"base_font_custom_code"},{"type":"text","id":"base_font_custom_family","label":"Google Font family"},{"type":"text","id":"regular_font_size","label":"Base font size","default":"14px"},{"type":"color","id":"font_color","label":"Base font color"},{"type":"header","content":"Page heading font"},{"type":"radio","id":"heading_font_type","label":"Page heading font type","options":[{"value":"font_regular","label":"Regular"},{"value":"font_custom","label":"Custom"}]},{"type":"select","id":"heading_font_regular_family","label":"Google Font embed code","options":[{"value":"Arial, Helvetica, sans-serif","label":"Arial, Helvetica, sans-serif"},{"value":"Georgia, serif","label":"Georgia, serif"},{"value":"Times New Roman, Times, serif","label":"Times New Roman, Times, serif"},{"value":"Trebuchet MS, sans-serif","label":"Trebuchet MS, sans-serif"},{"value":"Verdana, Geneva, sans-serif","label":"Verdana, Geneva, sans-serif"},{"value":"Helvetica, Arial, sans-serif","label":"Helvetica\/Arial","group":"Sans-serif"},{"value":"Impact, Charcoal, Helvetica, Arial, sans-serif","label":"Impact","group":"Sans-serif"},{"value":"'Lucida Grande', 'Lucida Sans Unicode', 'Lucida Sans', Lucida, Helvetica, Arial, sans-serif","label":"Lucida Grande","group":"Sans-serif"},{"value":"Verdana, Helvetica, Arial, sans-serif","label":"Verdana","group":"Sans-serif"},{"value":"Garamond, Baskerville, Caslon, serif","label":"Garamond","group":"Serif"},{"value":"Georgia, Utopia, 'Times New Roman', Times, serif","label":"Georgia","group":"Serif"},{"value":"Palatino, 'Palatino Linotype', 'Book Antiqua', serif","label":"Palatino","group":"Serif"},{"value":"'Times New Roman', Times, serif","label":"Times New Roman","group":"Serif"},{"value":"'Courier New', Courier, monospace","label":"Courier New","group":"Monospace"},{"value":"Monaco, 'Lucida Console', 'DejaVu Sans Mono', monospace","label":"Monaco\/Lucida Console","group":"Monospace"}],"default":"Arial, Helvetica, sans-serif"},{"type":"text","id":"heading_font_custom_code"},{"type":"text","id":"heading_font_custom_family","label":"Google Font family"},{"type":"text","id":"heading_font_size","label":"Page heading font size","default":"14px"},{"type":"color","id":"heading_font_color","label":"Page heading font color"},{"type":"header","content":"Links"},{"type":"color","id":"link_color","label":"Links text color"},{"type":"color","id":"link_color_act","label":"Links text color (hover)"},{"type":"header","content":"Product name"},{"type":"text","id":"product_name_font_size","label":"Product name font size"},{"type":"color","id":"product_name_color","label":"Product name font color"},{"type":"color","id":"product_name_color_act","label":"Product name font color (hover)"},{"type":"header","content":"Product description"},{"type":"text","id":"product_desc_font_size","label":"Product description font size"},{"type":"color","id":"product_desc_color","label":"Product description font color"},{"type":"header","content":"Product price"},{"type":"color","id":"product_price_color","label":"Product price color"}]},{"name":"Layout","settings":[{"type":"header","content":"Header"},{"type":"link_list","id":"main_nav","label":"Main navigation"},{"type":"header","content":"Sidebars"},{"type":"checkbox","id":"enable_left_sidebar","label":"Enable Left Sidebar"},{"type":"checkbox","id":"enable_right_sidebar","label":"Enable Right Sidebar"},{"type":"collection","id":"bestsellers_cat","label":"Best Sellers","info":"Please select collection that will be displayed in Best Sellers block"},{"type":"header","content":"Homepage products"},{"type":"collection","id":"homepage_products","label":"Homepage products collection","info":"Products from this collection will be on the homepage"},{"type":"text","id":"homepage_products_count","label":"Homepage products count"},{"type":"select","id":"homepage_listing_cols","label":"Homepage listing columns","options":[{"value":"2","label":"2"},{"value":"3","label":"3"},{"value":"4","label":"4"}],"default":"4"},{"type":"header","content":"Collection page"},{"type":"text","id":"collection_listing_count","label":"Collection products count","default":"6"},{"type":"select","id":"collection_listing_cols","label":"Collection listing columns","options":[{"value":"2","label":"2"},{"value":"3","label":"3"},{"value":"4","label":"4"}],"default":"3"},{"type":"header","content":"Product listing layout"},{"type":"select","id":"homepage_listing_image_size","label":"Product image size","options":[{"value":"pico","label":"16x16"},{"value":"icon","label":"32x32"},{"value":"thumb","label":"50x50"},{"value":"small","label":"100x100"},{"value":"compact","label":"160x160"},{"value":"medium","label":"240x240"},{"value":"large","label":"480x480"},{"value":"grande","label":"600x600"},{"value":"1024x1024","label":"1024x1024"},{"value":"2048x2048","label":"2048x2048"},{"value":"master","label":"maximum available"}],"default":"compact"},{"type":"header","content":"Page content"},{"type":"select","id":"enable_breadcrumbs","label":"Breadcrumbs","options":[{"value":"true","label":"Enable"},{"value":"false","label":"Disable"}],"default":"true"}]},{"name":"Colors","settings":[{"type":"header","content":"Global color settings"},{"type":"radio","id":"body_bg_type","label":"Body background type","options":[{"value":"bg_color","label":"Color"},{"value":"bg_image","label":"Image"}]},{"type":"color","id":"body_bg_color"},{"type":"image","id":"body_bg.png","label":"Maximum dimensions are 400x400px","max-width":400,"max-height":400},{"type":"color","id":"border_color","label":"Global border color"},{"type":"header","content":"Color scheme"},{"type":"color","id":"color_1","label":"Color 1"},{"type":"color","id":"color_2","label":"Color 2"},{"type":"color","id":"color_3","label":"Color 3"},{"type":"color","id":"color_4","label":"Color 4"},{"type":"color","id":"color_5","label":"Color 5"}]},{"name":"Money options","settings":[{"type":"checkbox","id":"show_multiple_currencies","label":"Show currency selector?"},{"type":"paragraph","content":"Although you will be able to display prices on your store front in different currencies, Shopify will still process orders in your shop's currency."},{"type":"select","id":"currency_format","label":"Money format","options":[{"value":"money_format","label":"Without Currency, ex: $10.00"},{"value":"money_with_currency_format","label":"With Currency, ex: $10 CAD"}],"default":"money_format"},{"type":"text","id":"supported_currencies","label":"Currencies you wish to support","default":"CAD USD"},{"type":"text","id":"default_currency","label":"Default currency","default":"CAD"},{"type":"paragraph","content":"Separate your currency codes with a space. Use the ISO 4217 3-letter currency code. Click [here](http:\/\/www.xe.com\/iso4217.php) for a complete list of currency codes. Example: CAD USD."},{"type":"paragraph","content":"* For this functionality to work in your shop, you are required to edit your money formats as per [these instructions](http:\/\/wiki.shopify.com\/Do_Tell_Where_The_Money_Is) (“Do tell where the money is”)."}]},{"name":"Slider","settings":[{"type":"paragraph","content":"Slider script"},{"type":"checkbox","id":"slider_toggle","label":"Enable","default":true},{"type":"paragraph","content":"Slider captions"},{"type":"checkbox","id":"slider_captions_toggle","label":"Enable","default":true},{"type":"header","content":"Slide 1"},{"type":"checkbox","id":"slide1_toggle","label":"Enable slide","default":true},{"type":"image","id":"slide1_image.jpg","label":"Slide image","max-width":1920,"max-height":831,"info":"Maximum slide image dimensions are 1920x831px"},{"type":"text","id":"slide1_link","label":"Slide link"},{"type":"text","id":"slide1_caption1","label":"Caption text line #1"},{"type":"text","id":"slide1_caption2","label":"Caption text line #2"},{"type":"header","content":"Slide 2"},{"type":"checkbox","id":"slide2_toggle","label":"Enable slide","default":true},{"type":"image","id":"slide2_image.jpg","label":"Slide image","max-width":1920,"max-height":831,"info":"Maximum slide image dimensions are 1920x831px"},{"type":"text","id":"slide2_link","label":"Slide link"},{"type":"text","id":"slide2_caption1","label":"Caption text line #1"},{"type":"text","id":"slide2_caption2","label":"Caption text line #2"},{"type":"header","content":"Slide 3"},{"type":"checkbox","id":"slide3_toggle","label":"Enable slide","default":true},{"type":"image","id":"slide3_image.jpg","label":"Slide image","max-width":1920,"max-height":831,"info":"Maximum slide image dimensions are 1920x831px"},{"type":"text","id":"slide3_link","label":"Slide link"},{"type":"text","id":"slide3_caption1","label":"Caption text line #1"},{"type":"text","id":"slide3_caption2","label":"Caption text line #2"},{"type":"header","content":"Slide 4"},{"type":"checkbox","id":"slide4_toggle","label":"Enable slide","default":true},{"type":"image","id":"slide4_image.jpg","label":"Slide image","max-width":1920,"max-height":831,"info":"Maximum slide image dimensions are 1920x831px"},{"type":"text","id":"slide4_link","label":"Slide link"},{"type":"text","id":"slide4_caption1","label":"Caption text line #1"},{"type":"text","id":"slide4_caption2","label":"Caption text line #2"},{"type":"header","content":"Slide 5"},{"type":"checkbox","id":"slide5_toggle","label":"Enable slide","default":true},{"type":"image","id":"slide5_image.jpg","label":"Slide image","max-width":1920,"max-height":831,"info":"Maximum slide image dimensions are 1920x831px"},{"type":"text","id":"slide5_link","label":"Slide link"},{"type":"text","id":"slide5_caption1","label":"Caption text line #1"},{"type":"text","id":"slide5_caption2","label":"Caption text line #2"}]},{"name":"Custom blocks","settings":[{"type":"header","content":"Showcase position"},{"type":"paragraph","content":"Custom showcase block #1"},{"type":"checkbox","id":"custom_showcase1_img_toggle","label":"Show image"},{"type":"image","id":"custom_showcase1_img.jpg","label":"Image dimensions must be 570x270px","max-width":570,"max-height":270},{"type":"text","id":"custom_showcase1_text1","label":"Text 1"},{"type":"text","id":"custom_showcase1_text2","label":"Text 2"},{"type":"text","id":"custom_showcase1_link","label":"Link"},{"type":"paragraph","content":"Custom showcase block #2"},{"type":"checkbox","id":"custom_showcase2_img_toggle","label":"Show image"},{"type":"image","id":"custom_showcase2_img.jpg","label":"Image dimensions must be 570x270px","max-width":570,"max-height":270},{"type":"text","id":"custom_showcase2_text1","label":"Text 1"},{"type":"text","id":"custom_showcase2_text2","label":"Text 2"},{"type":"text","id":"custom_showcase2_link","label":"Link"},{"type":"paragraph","content":"Custom showcase block #3"},{"type":"checkbox","id":"custom_showcase3_img_toggle","label":"Show image"},{"type":"image","id":"custom_showcase3_img.jpg","label":"Image dimensions must be 570x270px","max-width":570,"max-height":270},{"type":"text","id":"custom_showcase3_text1","label":"Text 1"},{"type":"text","id":"custom_showcase3_text2","label":"Text 2"},{"type":"text","id":"custom_showcase3_link","label":"Link"},{"type":"paragraph","content":"Custom showcase block #4"},{"type":"checkbox","id":"custom_showcase4_img_toggle","label":"Show image"},{"type":"image","id":"custom_showcase4_img.jpg","label":"Image dimensions must be 570x270px","max-width":570,"max-height":270},{"type":"text","id":"custom_showcase4_text1","label":"Text 1"},{"type":"text","id":"custom_showcase4_text2","label":"Text 2"},{"type":"text","id":"custom_showcase4_link","label":"Link"},{"type":"header","content":"Bottom position"},{"type":"header","content":"Bottom block #1 (Facebook Like Box)"},{"type":"text","id":"custom_bottom1_title","label":"Title"},{"type":"text","id":"custom_bottom1_link","label":"Facebook Page URL"},{"type":"paragraph","content":"Bottom block #2 (custom text)"},{"type":"text","id":"custom_bottom2_title","label":"Title"},{"type":"radio","id":"font_icons1","label":"Text 1","options":[{"value":"fa-credit-card","label":"Credit Card"},{"value":"fa-envelope","label":"Envelope"},{"value":"fa-gift","label":"Gift"},{"value":"fa-home","label":"Home"},{"value":"fa-info-circle","label":"Info Circle"},{"value":"fa-phone","label":"Phone"},{"value":"fa-shopping-cart","label":"Shopping Cart"},{"value":"fa-star","label":"Star"},{"value":"fa-thumbs-up","label":"Thumbs Up"},{"value":"fa-trophy","label":"Trophy"},{"value":"fa-truck","label":"Truck"},{"value":"fa-user","label":"User"}]},{"type":"text","id":"custom_bottom2_text1"},{"type":"radio","id":"font_icons2","label":"Text 2","options":[{"value":"fa-credit-card","label":"Credit Card"},{"value":"fa-envelope","label":"Envelope"},{"value":"fa-gift","label":"Gift"},{"value":"fa-home","label":"Home"},{"value":"fa-info-circle","label":"Info Circle"},{"value":"fa-phone","label":"Phone"},{"value":"fa-shopping-cart","label":"Shopping Cart"},{"value":"fa-star","label":"Star"},{"value":"fa-thumbs-up","label":"Thumbs Up"},{"value":"fa-trophy","label":"Trophy"},{"value":"fa-truck","label":"Truck"},{"value":"fa-user","label":"User"}]},{"type":"text","id":"custom_bottom2_text2"},{"type":"radio","id":"font_icons3","label":"Text 3","options":[{"value":"fa-credit-card","label":"Credit Card"},{"value":"fa-envelope","label":"Envelope"},{"value":"fa-gift","label":"Gift"},{"value":"fa-home","label":"Home"},{"value":"fa-info-circle","label":"Info Circle"},{"value":"fa-phone","label":"Phone"},{"value":"fa-shopping-cart","label":"Shopping Cart"},{"value":"fa-star","label":"Star"},{"value":"fa-thumbs-up","label":"Thumbs Up"},{"value":"fa-trophy","label":"Trophy"},{"value":"fa-truck","label":"Truck"},{"value":"fa-user","label":"User"}]},{"type":"text","id":"custom_bottom2_text3"},{"type":"header","content":"Bottom block #3 (custom text)"},{"type":"text","id":"custom_bottom3_title","label":"Title"},{"type":"text","id":"custom_bottom3_tagline","label":"Tagline"},{"type":"text","id":"custom_bottom3_text","label":"Tagline"},{"type":"header","content":"Footer position"},{"type":"header","content":"Footer block #1 (links list, 7 links maximum)"},{"type":"text","id":"custom_footer1_title","label":"Title"},{"type":"link_list","id":"custom_footer1_list","label":"Content"},{"type":"header","content":"Footer block #2 (links list, 7 links maximum)"},{"type":"text","id":"custom_footer2_title","label":"Title"},{"type":"link_list","id":"custom_footer2_list","label":"Content"},{"type":"header","content":"Footer block #3 (links list, 7 links maximum)"},{"type":"text","id":"custom_footer3_title","label":"Title"},{"type":"link_list","id":"custom_footer3_list","label":"Content"},{"type":"header","content":"Footer block #4 (social links)"},{"type":"paragraph","content":"Twitter"},{"type":"text","id":"custom_footer4_title","label":"Title"},{"type":"text","id":"custom_footer_twitter","label":"Content"},{"type":"paragraph","content":"Facebook"},{"type":"text","id":"custom_footer_facebook","label":"Content"},{"type":"paragraph","content":"Youtube"},{"type":"text","id":"custom_footer_youtube","label":"Content"},{"type":"paragraph","content":"Instagram"},{"type":"text","id":"custom_footer_instagram","label":"Content"},{"type":"paragraph","content":"Pinterest"},{"type":"text","id":"custom_footer_pinterest","label":"Content"},{"type":"paragraph","content":"Google+"},{"type":"text","id":"custom_footer_googleplus","label":"Content"},{"type":"paragraph","content":"Tumblr"},{"type":"text","id":"custom_footer_tumblr","label":"Content"},{"type":"header","content":"Footer block #5 (address)"},{"type":"paragraph","content":"Company"},{"type":"text","id":"custom_footer5_title","label":"Title"},{"type":"text","id":"custom_footer_company","label":"Content"},{"type":"paragraph","content":"Address"},{"type":"text","id":"custom_footer_address","label":"Content"},{"type":"paragraph","content":"Phone"},{"type":"text","id":"custom_footer_phone","label":"Content"},{"type":"paragraph","content":"Email"},{"type":"text","id":"custom_footer_email","label":"Content"}]},{"name":"Mailing list","settings":[{"type":"textarea","id":"mailchimp_form_action","label":"MailChimp Form Action [( ? )](http:\/\/support.shopify.com\/customer\/portal\/articles\/640278)"},{"type":"paragraph","content":"[Where do I get my MailChimp Form Action?](http:\/\/support.shopify.com\/customer\/portal\/articles\/640278)"},{"type":"text","id":"mailing_list_title","label":"Mailing List Title","default":"Newsletter"},{"type":"textarea","id":"mailing_list_tagline","label":"Mailing List Tagline"}]},{"name":"Payment methods","settings":[{"type":"checkbox","id":"show_amex","label":"American Express","default":true},{"type":"checkbox","id":"show_discover","label":"Discover","default":true},{"type":"checkbox","id":"show_visa","label":"Visa","default":true},{"type":"checkbox","id":"show_mastercard","label":"Mastercard","default":true},{"type":"checkbox","id":"show_maestro","label":"Maestro","default":true},{"type":"checkbox","id":"show_cirrus","label":"Cirrus","default":true},{"type":"checkbox","id":"show_paypal","label":"Paypal","default":true},{"type":"checkbox","id":"show_google","label":"Google Checkout","default":true}]}]