{
  "current": {
    "customer_layout": "theme",
    "base_font_custom_code": "<link href='\/\/fonts.googleapis.com\/css?family=Roboto:400,300,100' rel='stylesheet' type='text\/css'>",
    "base_font_custom_family": "Roboto",
    "regular_font_size": "13px",
    "font_color": "#888888",
    "heading_font_custom_code": "<link href='\/\/fonts.googleapis.com\/css?family=Roboto:400,300,100' rel='stylesheet' type='text\/css'>",
    "heading_font_custom_family": "Roboto",
    "heading_font_size": "25px",
    "heading_font_color": "#000000",
    "link_color": "#000000",
    "link_color_act": "#888888",
    "product_name_font_size": "16px",
    "product_name_color": "#000000",
    "product_name_color_act": "#777777",
    "product_desc_font_size": "14px",
    "product_desc_color": "#777777",
    "product_price_color": "#000000",
    "homepage_products_count": "4",
    "collection_listing_count": "6",
    "body_bg_color": "#ffffff",
    "border_color": "#dddddd",
    "color_1": "#ffffff",
    "color_2": "#000000",
    "color_3": "#777777",
    "color_4": "#191919",
    "color_5": "#f1f1f1",
    "supported_currencies": "USD EUR GBP",
    "default_currency": "USD",
    "slide1_link": "\/collections\/bras",
    "slide1_caption1": "A diverse variety",
    "slide1_caption2": "of glamorous high quality lingerie",
    "slide2_link": "\/collections\/panties",
    "slide2_caption1": "Choose from",
    "slide2_caption2": "an exclusive collection of intimate apparel",
    "slide3_link": "\/collections\/swim",
    "slide3_caption1": "Shop for",
    "slide3_caption2": "exquisite sexy underwear from top brands",
    "slide4_link": "",
    "slide4_caption1": "",
    "slide4_caption2": "",
    "slide5_link": "",
    "slide5_caption1": "",
    "slide5_caption2": "",
    "custom_showcase1_text1": "Sexy",
    "custom_showcase1_text2": "Lingerie",
    "custom_showcase1_link": "\/collections\/swim",
    "custom_showcase2_text1": "Lingerie",
    "custom_showcase2_text2": "Sets",
    "custom_showcase2_link": "\/collections\/clearance",
    "custom_showcase3_text1": "Luxury",
    "custom_showcase3_text2": "Bras",
    "custom_showcase3_link": "\/collections\/sleep",
    "custom_showcase4_text1": "Luxury",
    "custom_showcase4_text2": "Panties",
    "custom_showcase4_link": "\/collections\/bras",
    "custom_bottom1_title": "Follow us on facebook",
    "custom_bottom1_link": "https:\/\/www.facebook.com\/TemplateMonster",
    "custom_bottom2_title": "Why choose us",
    "custom_bottom2_text1": "Lorem ipsum dolor sit amet conse ctetur voluptate velit esse cillum dolore eu",
    "custom_bottom2_text2": "Vestibulum iaculis lacinia estroin dictum elementum velit",
    "custom_bottom2_text3": "Praesent justo dolor lobortis quis lobortidi gnissim pulvinar ac lorem estib",
    "custom_bottom3_title": "Get in touch",
    "custom_bottom3_tagline": "Lorem ipsum dolor sit amet conse ctetu",
    "custom_bottom3_text": "Sit amet conse ctetur adipisicing elit, sed do eiusmod tempor incididunt ut labore et dolore magna aliqua. Ut enim ad minim veniam, quis nostrud exercitation ullamco laboris nisi ut aliquip ex ea commodo consequat. Duis aute irure dolor in reprehenderit.",
    "custom_footer1_title": "Information",
    "custom_footer2_title": "Products",
    "custom_footer3_title": "My account",
    "custom_footer4_title": "Follow us",
    "custom_footer_twitter": "https:\/\/twitter.com\/templatemonster",
    "custom_footer_facebook": "https:\/\/www.facebook.com\/TemplateMonster",
    "custom_footer_youtube": "",
    "custom_footer_instagram": "",
    "custom_footer_pinterest": "",
    "custom_footer_googleplus": "https:\/\/google.com\/+templatemonster",
    "custom_footer_tumblr": "",
    "custom_footer5_title": "Store Information",
    "custom_footer_company": "My Company",
    "custom_footer_address": "4578 Marmora Road, Glasgow D04 89GR",
    "custom_footer_phone": "1(234) 567-9842",
    "custom_footer_email": "info@demolink.org",
    "mailing_list_title": "Newsletter",
    "checkout_banner_background_color": "#fff",
    "checkout_accent_color": "#2a9dcc",
    "checkout_button_color": "#2a9dcc",
    "checkout_call_to_action_color": "#8fc243",
    "mailchimp_form_action": "",
    "mailing_list_tagline": "",
    "base_font_regular_family": "Arial, Helvetica, sans-serif",
    "heading_font_regular_family": "Arial, Helvetica, sans-serif",
    "main_nav": "main-menu",
    "bestsellers_cat": "sexy",
    "homepage_products": "clearance",
    "homepage_listing_cols": "4",
    "collection_listing_cols": "3",
    "homepage_listing_image_size": "large",
    "enable_breadcrumbs": "true",
    "currency_format": "money_format",
    "checkout_logo": "",
    "use_logo": false,
    "show_copyright": true,
    "enable_left_sidebar": false,
    "enable_right_sidebar": true,
    "show_multiple_currencies": true,
    "slider_toggle": true,
    "slider_captions_toggle": true,
    "slide1_toggle": true,
    "slide2_toggle": true,
    "slide3_toggle": true,
    "slide4_toggle": false,
    "slide5_toggle": false,
    "custom_showcase1_img_toggle": true,
    "custom_showcase2_img_toggle": true,
    "custom_showcase3_img_toggle": true,
    "custom_showcase4_img_toggle": true,
    "show_amex": true,
    "show_discover": true,
    "show_visa": true,
    "show_mastercard": true,
    "show_maestro": true,
    "show_cirrus": true,
    "show_paypal": true,
    "show_google": true,
    "checkout_use_header_image": false,
    "base_font_type": "font_custom",
    "heading_font_type": "font_custom",
    "body_bg_type": "bg_color",
    "font_icons1": "fa-truck",
    "font_icons2": "fa-info-circle",
    "font_icons3": "fa-star",
    "color_6": "",
    "color_7": "",
    "color_8": "",
    "color_9": "",
    "color_10": "",
    "gradient1_top": "",
    "gradient1_bottom": "",
    "gradient2_top": "",
    "gradient2_bottom": "",
    "gradient3_top": "",
    "gradient3_bottom": "",
    "gradient4_top": "",
    "gradient4_bottom": "",
    "gradient5_top": "",
    "gradient5_bottom": "",
    "gradient6_top": "",
    "gradient6_bottom": "",
    "gradient7_top": "",
    "gradient7_bottom": "",
    "gradient8_top": "",
    "gradient8_bottom": "",
    "gradient9_top": "",
    "gradient9_bottom": "",
    "gradient10_top": "",
    "gradient10_bottom": "",
    "logo_slogan": "",
    "font_icons_1": "fa-truck",
    "custom_header1_text1": "",
    "custom_header1_text2": "",
    "custom_header1_link": "",
    "custom_header1_img_toggle": "false",
    "slide1_caption3": "",
    "slide1_caption4": "",
    "slide1_caption5": "",
    "slide2_caption3": "",
    "slide2_caption4": "",
    "slide2_caption5": "",
    "slide3_caption3": "",
    "slide3_caption4": "",
    "slide3_caption5": "",
    "slide4_caption3": "",
    "slide4_caption4": "",
    "slide4_caption5": "",
    "slide5_caption3": "",
    "slide5_caption4": "",
    "slide5_caption5": "",
    "custom_footer5_company": "Company name",
    "custom_footer5_address": "Company address",
    "custom_footer5_phone": "8(066)066-6541",
    "custom_footer5_email": "mail@mail.com",
    "custom_footer2_text1": "",
    "custom_footer2_text2": "",
    "custom_footer2_link": "",
    "custom_footer3_twitter": "",
    "custom_footer3_facebook": "",
    "custom_footer3_youtube": "",
    "custom_footer3_instagram": "",
    "custom_footer3_pinterest": "",
    "custom_footer3_googleplus": "",
    "custom_footer3_tumblr": "",
    "custom_footer4_company": "",
    "custom_footer4_address": "",
    "custom_footer4_phone": "",
    "custom_footer4_email": "",
    "custom_footer1_list": "footer",
    "heading_custom_font_family": "",
    "heading_custom_font_code": "",
    "heading_ffamily_use_custom": "false",
    "heading_font_family": "Arial, Helvetica, sans-serif",
    "regular_font_family": "Arial, Helvetica, sans-serif",
    "custom_header1_toggle": "false",
    "slide1_caption_toggle": "true",
    "slide2_caption_toggle": "true",
    "slide3_caption_toggle": "false",
    "slide4_caption_toggle": "false",
    "slide5_caption_toggle": "false",
    "slider_controlnav_toggle": "true",
    "slider_directnav_toggle": "true",
    "bottom_block_1_list": "main-menu",
    "bottom_block_2_list": "footer",
    "bottom_block_3_list": "footer",
    "regular_line_height": "21px",
    "h1_fsize": "",
    "h1_lheight": "",
    "h2_fsize": "",
    "h2_lheight": "",
    "h3_fsize": "",
    "h3_lheight": "",
    "h4_fsize": "",
    "h4_lheight": "",
    "h5_fsize": "",
    "h5_lheight": "",
    "h6_fsize": "",
    "h6_lheight": "",
    "footer_height": "100px",
    "content_width": "8",
    "left_sidebar_width": "2",
    "right_sidebar_width": "2",
    "collection_listing_image_size": "compact",
    "custom_footer2_list": "products",
    "custom_footer3_list": "my-account"
  },
  "presets": {
  }
}