[{"name":"theme_info","theme_name":"Monstrify","theme_author":"Templatemonster","theme_version":"1.0.0","theme_documentation_url":"http:\/\/info.template-help.com\/help\/quick-start-guide\/shopify-themes\/master\/","theme_support_email":"tmshopify@template-help.com"},{"name":"Typography","settings":[{"type":"header","content":"Base font"},{"type":"select","id":"base_font","label":"Font family","options":[{"value":"Arial","label":"Arial","group":"Sans-serif"},{"value":"Trebuchet MS","label":"Trebuchet MS","group":"Sans-serif"},{"value":"Verdana","label":"Verdana","group":"Sans-serif"},{"value":"Georgia","label":"Georgia","group":"Serif"},{"value":"Times New Roman","label":"Times New Roman","group":"Serif"},{"value":"Courier New","label":"Courier New","group":"Monospace"},{"value":"Lucida Console","label":"Lucida Console","group":"Monospace"},{"value":"google_fonts:Lato","label":"Lato","group":"Google fonts"},{"value":"google_fonts:Lora","label":"Lora","group":"Google fonts"},{"value":"google_fonts:Montserrat","label":"Montserrat","group":"Google fonts"},{"value":"google_fonts:Open Sans","label":"Open Sans","group":"Google fonts"},{"value":"google_fonts:Open Sans Condensed","label":"Open Sans Condensed","group":"Google fonts"},{"value":"google_fonts:Oswald","label":"Oswald","group":"Google fonts"},{"value":"google_fonts:Roboto","label":"Roboto","group":"Google fonts"},{"value":"google_fonts:Roboto Slab","label":"Roboto Slab","group":"Google fonts"},{"value":"google_fonts:Ubuntu","label":"Ubuntu","group":"Google fonts"},{"value":"google_fonts:Ubuntu Condensed","label":"Ubuntu Condensed","group":"Google fonts"}],"default":"Arial"},{"type":"select","id":"base_font_size","label":"Font size","options":[{"value":"11px","label":"11px"},{"value":"12px","label":"12px"},{"value":"13px","label":"13px"},{"value":"14px","label":"14px"},{"value":"15px","label":"15px"},{"value":"16px","label":"16px"}],"default":"14px"},{"type":"color","id":"base_font_color","label":"Color","default":"#777777"},{"type":"header","content":"Heading font"},{"type":"select","id":"heading_font","label":"Font family","options":[{"value":"Arial","label":"Arial","group":"Sans-serif"},{"value":"Trebuchet MS","label":"Trebuchet MS","group":"Sans-serif"},{"value":"Verdana","label":"Verdana","group":"Sans-serif"},{"value":"Georgia","label":"Georgia","group":"Serif"},{"value":"Times New Roman","label":"Times New Roman","group":"Serif"},{"value":"Courier New","label":"Courier New","group":"Monospace"},{"value":"Lucida Console","label":"Lucida Console","group":"Monospace"},{"value":"google_fonts:Lato","label":"Lato","group":"Google fonts"},{"value":"google_fonts:Lora","label":"Lora","group":"Google fonts"},{"value":"google_fonts:Montserrat","label":"Montserrat","group":"Google fonts"},{"value":"google_fonts:Open Sans","label":"Open Sans","group":"Google fonts"},{"value":"google_fonts:Open Sans Condensed","label":"Open Sans Condensed","group":"Google fonts"},{"value":"google_fonts:Oswald","label":"Oswald","group":"Google fonts"},{"value":"google_fonts:Roboto","label":"Roboto","group":"Google fonts"},{"value":"google_fonts:Roboto Slab","label":"Roboto Slab","group":"Google fonts"},{"value":"google_fonts:Ubuntu","label":"Ubuntu","group":"Google fonts"},{"value":"google_fonts:Ubuntu Condensed","label":"Ubuntu Condensed","group":"Google fonts"}],"default":"Arial"},{"type":"select","id":"heading_font_size","label":"Font size","options":[{"value":"20px","label":"20px"},{"value":"22px","label":"22px"},{"value":"24px","label":"24px"},{"value":"26px","label":"26px"},{"value":"28px","label":"28px"},{"value":"30px","label":"30px"},{"value":"32px","label":"32px"},{"value":"34px","label":"34px"},{"value":"36px","label":"36px"},{"value":"38px","label":"38px"},{"value":"40px","label":"40px"}],"default":"34px"},{"type":"color","id":"heading_font_color","label":"Color","default":"#000000"},{"type":"header","content":"Links"},{"type":"color","id":"links_color","label":"Links color","default":"#337ab7"},{"type":"color","id":"links_color_hover","label":"Links hover color","default":"#23527c"},{"type":"header","content":"Product name"},{"type":"select","id":"product_name_size","label":"Font size","options":[{"value":"14px","label":"14px"},{"value":"16px","label":"16px"},{"value":"18px","label":"18px"},{"value":"20px","label":"20px"}],"default":"16px"},{"type":"color","id":"product_name_color","label":"Color","default":"#000000"},{"type":"color","id":"product_name_color_hover","label":"Hover color","default":"#777777"},{"type":"header","content":"Product price"},{"type":"color","id":"product_price_color","label":"Color","default":"#000000"}]},{"name":"Colors","settings":[{"type":"header","content":"Page colors"},{"type":"color","id":"bg_color","label":"Page background color"},{"type":"color","id":"border_color","label":"Border color"},{"type":"header","content":"Color theme"},{"type":"color","id":"color_1","label":"Color #1"},{"type":"color","id":"color_2","label":"Color #2"},{"type":"color","id":"color_3","label":"Color #3"}]},{"name":"Favicon","settings":[{"type":"image_picker","id":"favicon","label":"Favicon image","info":"Will be scaled down to 32 x 32px"}]},{"name":"Social sharing buttons","settings":[{"type":"checkbox","id":"sharing_fb","label":"Facebook"},{"type":"checkbox","id":"sharing_tw","label":"Twitter"},{"type":"checkbox","id":"sharing_gplus","label":"Google+"},{"type":"checkbox","id":"sharing_pin","label":"Pinterest"}]}]