{"current":{"base_font":"google_fonts:Lato","base_font_size":"14px","base_font_color":"#777777","heading_font":"google_fonts:Lato","heading_font_size":"34px","heading_font_color":"#000000","links_color":"#000000","links_color_hover":"#d10546","product_name_size":"16px","product_name_color":"#000000","product_name_color_hover":"#d10546","product_price_color":"#000000","bg_color":"#ffffff","border_color":"#dddddd","color_1":"#ffffff","color_2":"#000000","color_3":"#d10546","favicon":"","sharing_fb":true,"sharing_tw":true,"sharing_gplus":true,"sharing_pin":true,"checkout_header_image":"","checkout_logo_image":"","checkout_logo_position":"left","checkout_logo_size":"medium","checkout_body_background_image":"","checkout_body_background_color":"#fff","checkout_input_background_color_mode":"white","checkout_sidebar_background_image":"","checkout_sidebar_background_color":"#fafafa","checkout_heading_font":"Helvetica Neue","checkout_body_font":"Helvetica Neue","checkout_accent_color":"#1990c6","checkout_button_color":"#1990c6","checkout_error_color":"#ff6d6d","currency_selector":"0","supported_currencies":"USD EUR GBP","show_multiple_currencies":"1","currency_format":"money_with_currency_format","default_currency":"USD","currencies_toggle":true,"currencies_list":"","checkout_use_header_image":false,"checkout_logo":"","checkout_use_body_background_image":false,"checkout_use_sidebar_background_image":false,"color_text":"#3d4246","color_body_text":"#788188","color_sale_text":"#7796A8","color_borders":"#e8e9eb","color_button":"#7796A8","color_button_text":"#fff","color_small_button":"#fff","color_small_button_text":"#3d4246","color_text_field":"#fff","color_text_field_text":"#000","color_image_overlay_text":"#fff","color_image_overlay":"#3d4246","image_overlay_opacity":"0.25","color_body_bg":"#fff","type_header_family":"Google_Work+Sans_600_sans","type_header_base_size":"26px","type_base_family":"Google_Work+Sans_400_sans","type_base_size":"16px","type_bold_product_titles":false,"share_facebook":true,"share_twitter":true,"share_pinterest":true,"social_twitter_link":"","social_facebook_link":"","social_pinterest_link":"","social_instagram_link":"","social_tumblr_link":"","social_snapchat_link":"","social_youtube_link":"","social_vimeo_link":"","sections":{"header":{"type":"header","blocks":{"1479744129643":{"type":"link-simple","settings":{"title":"Home","link":"https:\/\/theme642-kardone-free.myshopify.com\/"}},"1479745635495":{"type":"link-4linklists","settings":{"title":"Catalog","link":"shopify:\/\/collections","links_1":"footer","links_2":"footer","links_3":"footer","links_4":"footer"}},"1479746552441":{"type":"link-products","settings":{"title":"Sale","link":"shopify:\/\/collections\/exterior","products":"exterior"}}},"block_order":["1479744129643","1479745635495","1479746552441"],"settings":{"logo_type":"img","logo_main":"shopify:\/\/shop_images\/logo.png","currency_selector":true,"supported_currencies":"USD EUR GBP","header_cart":true,"header_user":true,"header_search":true,"megamenu_toggle":true}},"footer":{"type":"footer","blocks":{"1479825932019":{"type":"linklist","settings":{"width":"25%","links":"main-menu"}},"1479835596250":{"type":"linklist","settings":{"width":"25%","links":"footer"}},"1479825952558":{"type":"contacts","settings":{"width":"25%","contacts_title":"Our shop","contacts":"<p><strong>Address<\/strong><\/p>\r\n<p>4578 Marmora St, San Francisco D04 89GR<\/p>\r\n<p><strong>Phone<\/strong><\/p>\r\n<p>1-800-1234-567<\/p>"}},"1479835617604":{"type":"newsletter","settings":{"width":"25%"}},"1479834241374":{"type":"social","settings":{"width":"100%","social_fb":"https:\/\/www.facebook.com\/TemplateMonster\/","social_tw":"\/\/twitter.com\/templatemonster","social_inst":"","social_pin":"","social_gplus":"","social_yt":"https:\/\/www.youtube.com\/user\/TemplateMonsterCo"}}},"block_order":["1479825932019","1479835596250","1479825952558","1479835617604","1479834241374"],"settings":{"powered_toggle":true,"payment_icons_toggle":true,"cc-amex":false,"cc-diners-club":false,"cc-discover":false,"cc-jcb":false,"cc-mastercard":true,"cc-paypal":true,"cc-stripe":false,"cc-visa":true,"google-wallet":false}},"template-collections-listing":{"type":"template-collections-listing","settings":{"img_size":"large","img_alignment":"top","text_position":"overlay"}},"template-collection":{"type":"template-collection","settings":{"collection_img_style":"collection_img_overlay","collection_img_size":"small","collection_img_alignment":"center","common_img":"","collection_desc_toggle":true,"collection_tags_toggle":true,"product_img_size":"medium","product_img_alignment":"center"}},"template-product":{"type":"template-product","settings":{"image_size":"medium","image_alignment":"top","show_weight":true,"show_sku":true,"show_barcode":true,"show_collections":true,"show_product_types":true,"show_vendor":true,"show_tags":true,"show_share_buttons":true,"show_desc":true}},"template-blog":{"type":"template-blog","settings":{"layout":"list","img_size":"large","img_alignment":"bottom","text_position":"overlay","blog_tags_toggle":true,"blog_show_author":true}},"template-article":{"type":"template-article","settings":{"img_size":"large","img_alignment":"bottom","text_position":"normal"}},"template-about-us":{"type":"template-about-us","blocks":{"1485538077441":{"type":"text-block","settings":{"title":"Catering to your requirements, handling your needs with care","text":"<p>Our store is more than just another average online retailer. We sell not only top quality products, but give our customers a positive online shopping experience. Forget about struggling to do everything at once: taking care of the family, running your business, walking your dog, cleaning the house, doing the shopping, etc. Purchase the goods you need every day or just like in a few clicks or taps, depending on the device you use to access the Internet. We work to make your life more enjoyable.<\/p>"}},"1485538080962":{"type":"icons-block","settings":{"title":"Store events","icon_1":"search","title_1":"For convenience of choice","text_1":"<p>We think about the convenience of your choice. Our products are supplied with star rating that should help hesitant buyers to take a decision. What&rsquo;s more, you can search our site if you know exactly what you are looking for or use a bunch of different filters that will considerably save your time and efforts.<\/p>","icon_2":"truck","title_2":"Delivery to all regions","text_2":"<p>We deliver our goods worldwide. No matter where you live, your order will be shipped in time and delivered right to your door or to any other location you have stated. The packages are handled with utmost care, so the ordered products will be handed to you safe and sound, just like you expect them to be.<\/p>","icon_3":"thumbs-o-up","title_3":"The highest quality of products","text_3":"<p>We guarantee the highest quality of the products we sell. Several decades of successful operation and millions of happy customers let us feel certain about that. Besides, all items we sell pass thorough quality control, so no characteristics mismatch can escape the eye of our professionals.<\/p>"}},"1485538084217":{"type":"photos-block","settings":{"title":"Our team","img_1":"","title_1":"Robert Johnson","text_1":"<p>Senior salesman with 15 years of experience. He knows everything about the products he offers.<\/p>","img_2":"","title_2":"Jessica Priston","text_2":"<p>Mega positive shop assistant always ready to help you make the right choice and charm you with a smile.<\/p>","img_3":"","title_3":"Sam Kromstain","text_3":"<p>Wholesale manager. Contact him if you want to buy a batch of the products offered at our store.<\/p>","img_4":"","title_4":"Edna Barton","text_4":"<p>Quality control manager. Her mission is to check the products we ship and settle quality issues if any.<\/p>"}},"1485538087857":{"type":"testimonials-block","settings":{"title":"Testimonials","name_1":"Mary Taba","text_1":"Guys, you rock! Made a purchase at your store recently. The order has been shipped and delivered on time. The quality is superb! The price is quite reasonable. Told all my friends about your excellent service and the variety of choice. I think I’ll be your loyal customer in future as well. I wish your store many more years of prosperity.","name_2":"Virginia Ubert","text_2":"Thank you again and again! I have experienced the fastest support ever. My order arrived on my door step the following day. Your team is always, friendly and very helpful. You managed to exceed my expectations!","name_3":"","text_3":""}}},"block_order":["1485538077441","1485538080962","1485538084217","1485538087857"],"settings":{}},"1485782963415":{"type":"index-banners","blocks":{"1485782963415-1":{"type":"banner","settings":{"image":"shopify:\/\/shop_images\/banner_1.png","text":"Brake Systems","link":"shopify:\/\/products\/air-intake-hose-for-toyota-camry-compatible"}},"1485783067961":{"type":"banner","settings":{"image":"shopify:\/\/shop_images\/banner_2.png","text":"Headlights","link":"shopify:\/\/products\/angel-eye-headlight-bmw-3er-limo-typ"}},"1485783094643":{"type":"banner","settings":{"image":"shopify:\/\/shop_images\/banner_3.png","text":"Suspension Systems","link":"shopify:\/\/products\/carbon-bonnet-hood-opel-astra-j"}},"1485782963415-2":{"type":"banner","settings":{"image":"shopify:\/\/shop_images\/banner_4.png","text":"Air Intakes","link":"shopify:\/\/products\/daylight-headlight-set-audi-a6-typ-4b"}},"1485782963415-0":{"type":"banner","settings":{"image":"shopify:\/\/shop_images\/banner_8.png","text":"Custom Wheels","link":"shopify:\/\/products\/headlight-vw-polo-typ-6n"}},"1485783073494":{"type":"banner","settings":{"image":"shopify:\/\/shop_images\/banner_5.png","text":"Turbo Systems","link":"shopify:\/\/products\/fk-duplex-sports-exhaust-complete-system-for-audi"}},"1485783101218":{"type":"banner","settings":{"image":"shopify:\/\/shop_images\/banner_9.png","text":"Car Seats","link":"shopify:\/\/products\/sport-shock-absorber-high-tec-bmw"}},"1485783080073":{"type":"banner","settings":{"image":"shopify:\/\/shop_images\/banner_6.png","text":"Exhaust Systems","link":"shopify:\/\/products\/frs-brz-wrx-fa20-stage-3-short-block"}},"1485783088559":{"type":"banner","settings":{"image":"shopify:\/\/shop_images\/banner_7.png","text":"Body Kits","link":"shopify:\/\/products\/headlight-daylight-mercedes-e-class-211"}}},"block_order":["1485782963415-1","1485783067961","1485783094643","1485782963415-2","1485783073494","1485783080073","1485783088559","1485782963415-0","1485783101218"],"settings":{"text_color":"dark","text_align":"left"}},"1485785139772":{"type":"index-slideshow","blocks":{"1485786320964":{"type":"image","settings":{"image":"shopify:\/\/shop_images\/slider_1.png","img_alignment":"center","caption_txt1":"Your Wheels Are In","caption_txt2":"GOOD HANDS!","caption_btn":"Read more","caption_link":"shopify:\/\/products\/air-intake-hose-for-toyota-camry-compatible"}},"1485786310644":{"type":"image","settings":{"image":"shopify:\/\/shop_images\/slider_2.png","img_alignment":"center","caption_txt1":"Your Wheels Are In","caption_txt2":"GOOD HANDS!","caption_btn":"Read more","caption_link":"shopify:\/\/products\/lamborghini-gallardo-lp-520-front-differential"}},"1485882936190":{"type":"image","settings":{"image":"shopify:\/\/shop_images\/slider_3.png","img_alignment":"top","caption_txt1":"Your Wheels Are In","caption_txt2":"GOOD HANDS!","caption_btn":"Read more","caption_link":"shopify:\/\/products\/spare-parts-headlight-left-ford-ka-typ-rbt"}},"1485786326638":{"type":"image","settings":{"image":"shopify:\/\/shop_images\/slider_4.png","img_alignment":"center","caption_txt1":"Your Wheels Are In","caption_txt2":"GOOD HANDS!","caption_btn":"Read more","caption_link":"shopify:\/\/products\/sport-shock-absorber-high-tec-fiat"}}},"block_order":["1485786320964","1485786310644","1485882936190","1485786326638"],"settings":{"autoplay":true,"autoplay_speed":"7000","slideshow_height":"medium"}},"1485789845089":{"type":"index-image-with-text-overlay","settings":{"section_height":"small","image":"shopify:\/\/shop_images\/banner_10.png","img_alignment":"center","parallax":true,"title":"Welcome to our store!","text":"The theme doesn’t just ensure an online store, but it offers an excellent support and marketing system that can help website owners overcome technical problems handily and increase sales.","button_label":"Read more","button_link":"shopify:\/\/products\/lamborghini-gallardo-lp-520-front-differential"}},"1485790239245":{"type":"index-featured-products","settings":{"section_title":"Featured products","section_collection":"frontpage","products_limit":"8","img_size":"medium","img_alignment":"center"}},"1485790313973":{"type":"index-image-with-text-overlay","settings":{"section_height":"small","image":"shopify:\/\/shop_images\/banner_11.png","img_alignment":"center","parallax":true,"title":"About our store","text":"Give your visitors the feel of true immersion, an illusion of depth in 2D environments of your site. Parallax will definitely make user experience onsite better and make the visitors come back to your website every now and again.","button_label":"Read more","button_link":"shopify:\/\/collections"}}},"content_for_index":["1485785139772","1485782963415","1485789845089","1485790239245","1485790313973"]}}